GID_0,NAME_0,GID_1,NAME_1,NL_NAME_1,GID_2,NAME_2,VARNAME_2,NL_NAME_2,TYPE_2,ENGTYPE_2,CC_2,HASC_2
IDN,Indonesia,IDN.1_1,Aceh,,IDN.1.2_1,Aceh Barat,,,Kabupaten,Regency,1107,ID.AC.AB
IDN,Indonesia,IDN.1_1,Aceh,,IDN.1.1_1,Aceh Barat Daya,,,Kabupaten,Regency,1112,ID.AC.AD
IDN,Indonesia,IDN.1_1,Aceh,,IDN.1.3_1,Aceh Besar,,,Kabupaten,Regency,1108,ID.AC.AR
IDN,Indonesia,IDN.1_1,Aceh,,IDN.1.4_1,Aceh Jaya,,,Kabupaten,Regency,1116,ID.AC.AJ
IDN,Indonesia,IDN.1_1,Aceh,,IDN.1.5_1,Aceh Selatan,,,Kabupaten,Regency,1103,ID.AC.AS
IDN,Indonesia,IDN.1_1,Aceh,,IDN.1.6_1,Aceh Singkil,,,Kabupaten,Regency,1102,ID.AC.AN
IDN,Indonesia,IDN.1_1,Aceh,,IDN.1.7_1,Aceh Tamiang,,,Kabupaten,Regency,1114,ID.AC.AM
IDN,Indonesia,IDN.1_1,Aceh,,IDN.1.8_1,Aceh Tengah,,,Kabupaten,Regency,1106,ID.AC.AT
IDN,Indonesia,IDN.1_1,Aceh,,IDN.1.9_1,Aceh Tenggara,,,Kabupaten,Regency,1104,ID.AC.AG
IDN,Indonesia,IDN.1_1,Aceh,,IDN.1.10_1,Aceh Timur,,,Kabupaten,Regency,1105,ID.AC.AI
IDN,Indonesia,IDN.1_1,Aceh,,IDN.1.11_1,Aceh Utara,,,Kabupaten,Regency,1111,ID.AC.AU
IDN,Indonesia,IDN.1_1,Aceh,,IDN.1.12_1,Banda Aceh,,,Kota,City,1171,ID.AC.BA
IDN,Indonesia,IDN.1_1,Aceh,,IDN.1.13_1,Bener Meriah,,,Kabupaten,Regency,1117,ID.AC.BM
IDN,Indonesia,IDN.1_1,Aceh,,IDN.1.14_1,Bireuen,,,Kabupaten,Regency,1110,ID.AC.BI
IDN,Indonesia,IDN.1_1,Aceh,,IDN.1.15_1,Gayo Lues,,,Kabupaten,Regency,1113,ID.AC.GL
IDN,Indonesia,IDN.1_1,Aceh,,IDN.1.16_1,Langsa,,,Kota,City,1173,ID.AC.LA
IDN,Indonesia,IDN.1_1,Aceh,,IDN.1.17_1,Lhokseumawe,,,Kota,City,1174,ID.AC.LH
IDN,Indonesia,IDN.1_1,Aceh,,IDN.1.18_1,Nagan Raya,,,Kabupaten,Regency,1115,ID.AC.NR
IDN,Indonesia,IDN.1_1,Aceh,,IDN.1.20_1,Pidie,,,Kabupaten,Regency,1109,ID.AC.PD
IDN,Indonesia,IDN.1_1,Aceh,,IDN.1.19_1,Pidie Jaya,,,Kabupaten,Regency,1118,ID.AC.PJ
IDN,Indonesia,IDN.1_1,Aceh,,IDN.1.21_1,Sabang,,,Kota,City,1172,ID.AC.SA
IDN,Indonesia,IDN.1_1,Aceh,,IDN.1.22_1,Simeulue,,,Kabupaten,Regency,1101,ID.AC.SI
IDN,Indonesia,IDN.1_1,Aceh,,IDN.1.23_1,Subulussalam,,,Kota,City,1175,ID.AC.SU
IDN,Indonesia,IDN.2_1,Bali,,IDN.2.1_1,Badung,,,Kabupaten,Regency,5103,ID.BA.BD
IDN,Indonesia,IDN.2_1,Bali,,IDN.2.2_1,Bangli,,,Kabupaten,Regency,5106,ID.BA.BN
IDN,Indonesia,IDN.2_1,Bali,,IDN.2.3_1,Buleleng,,,Kabupaten,Regency,5108,ID.BA.BL
IDN,Indonesia,IDN.2_1,Bali,,IDN.2.4_1,Denpasar,,,Kota,City,5171,ID.BA.DE
IDN,Indonesia,IDN.2_1,Bali,,IDN.2.5_1,Gianyar,,,Kabupaten,Regency,5104,ID.BA.GI
IDN,Indonesia,IDN.2_1,Bali,,IDN.2.6_1,Jembrana,,,Kabupaten,Regency,5101,ID.BA.JE
IDN,Indonesia,IDN.2_1,Bali,,IDN.2.7_1,Karangasem,,,Kabupaten,Regency,5107,ID.BA.KA
IDN,Indonesia,IDN.2_1,Bali,,IDN.2.8_1,Klungkung,,,Kabupaten,Regency,5105,ID.BA.KL
IDN,Indonesia,IDN.2_1,Bali,,IDN.2.9_1,Tabanan,,,Kabupaten,Regency,5102,ID.BA.TA
IDN,Indonesia,IDN.3_1,Bangka Belitung,,IDN.3.4_1,Bangka,,,Kabupaten,Regency,1901,ID.BB.BA
IDN,Indonesia,IDN.3_1,Bangka Belitung,,IDN.3.1_1,Bangka Barat,,,Kabupaten,Regency,1903,ID.BB.BB
IDN,Indonesia,IDN.3_1,Bangka Belitung,,IDN.3.2_1,Bangka Selatan,,,Kabupaten,Regency,1905,ID.BB.BS
IDN,Indonesia,IDN.3_1,Bangka Belitung,,IDN.3.3_1,Bangka Tengah,,,Kabupaten,Regency,1904,ID.BB.BG
IDN,Indonesia,IDN.3_1,Bangka Belitung,,IDN.3.6_1,Belitung,,,Kabupaten,Regency,1902,ID.BB.BE
IDN,Indonesia,IDN.3_1,Bangka Belitung,,IDN.3.5_1,Belitung Timur,,,Kabupaten,Regency,1906,ID.BB.BT
IDN,Indonesia,IDN.3_1,Bangka Belitung,,IDN.3.7_1,Pangkalpinang,,,Kota,City,1971,ID.BB.PP
IDN,Indonesia,IDN.4_1,Banten,,IDN.4.1_1,Cilegon,,,Kota,City,3672,ID.BT.CL
IDN,Indonesia,IDN.4_1,Banten,,IDN.4.2_1,Kota Serang,,,Kota,City,3673,ID.BT.SK
IDN,Indonesia,IDN.4_1,Banten,,IDN.4.3_1,Kota Tangerang,,,Kota,City,3671,ID.BT.TM
IDN,Indonesia,IDN.4_1,Banten,,IDN.4.4_1,Lebak,,,Kabupaten,Regency,3602,ID.BT.LE
IDN,Indonesia,IDN.4_1,Banten,,IDN.4.5_1,Pandeglang,,,Kabupaten,Regency,3601,ID.BT.PA
IDN,Indonesia,IDN.4_1,Banten,,IDN.4.6_1,Serang,,,Kabupaten,Regency,3604,ID.BT.SR
IDN,Indonesia,IDN.4_1,Banten,,IDN.4.8_1,Tangerang,,,Kabupaten,Regency,3603,ID.BT.TG
IDN,Indonesia,IDN.4_1,Banten,,IDN.4.7_1,Tangerang Selatan,,,Kota,City,3674,ID.BT.TS
IDN,Indonesia,IDN.5_1,Bengkulu,,IDN.5.4_1,Bengkulu,,,Kota,City,1771,ID.BE.BE
IDN,Indonesia,IDN.5_1,Bengkulu,,IDN.5.1_1,Bengkulu Selatan,,,Kabupaten,Regency,1701,ID.BE.BS
IDN,Indonesia,IDN.5_1,Bengkulu,,IDN.5.2_1,Bengkulu Tengah,,,Kabupaten,Regency,1709,ID.BE.BN
IDN,Indonesia,IDN.5_1,Bengkulu,,IDN.5.3_1,Bengkulu Utara,,,Kabupaten,Regency,1703,ID.BE.BT
IDN,Indonesia,IDN.5_1,Bengkulu,,IDN.5.5_1,Kaur,,,Kabupaten,Regency,1704,ID.BE.KA
IDN,Indonesia,IDN.5_1,Bengkulu,,IDN.5.6_1,Kepahiang,,,Kabupaten,Regency,1708,ID.BE.KE
IDN,Indonesia,IDN.5_1,Bengkulu,,IDN.5.7_1,Lebong,,,Kabupaten,Regency,1707,ID.BE.LE
IDN,Indonesia,IDN.5_1,Bengkulu,,IDN.5.8_1,Mukomuko,,,Kabupaten,Regency,1706,ID.BE.MU
IDN,Indonesia,IDN.5_1,Bengkulu,,IDN.5.9_1,Rejang Lebong,,,Kabupaten,Regency,1702,ID.BE.RL
IDN,Indonesia,IDN.5_1,Bengkulu,,IDN.5.10_1,Seluma,,,Kabupaten,Regency,1705,ID.BE.SE
IDN,Indonesia,IDN.6_1,Gorontalo,,IDN.6.1_1,Boalemo,,,Kabupaten,Regency,7501,ID.GO.BO
IDN,Indonesia,IDN.6_1,Gorontalo,,IDN.6.2_1,Bone Bolango,,,Kabupaten,Regency,7504,ID.GO.BB
IDN,Indonesia,IDN.6_1,Gorontalo,,IDN.6.3_1,Danau Limboto,,,Kabupaten,Regency,7502,ID.GO.GO
IDN,Indonesia,IDN.6_1,Gorontalo,,IDN.6.5_1,Gorontalo,,,Kabupaten,Regency,7502,ID.GO.GO
IDN,Indonesia,IDN.6_1,Gorontalo,,IDN.6.4_1,Gorontalo Utara,,,Kabupaten,Regency,7505,ID.GO.GU
IDN,Indonesia,IDN.6_1,Gorontalo,,IDN.6.6_1,Kota Gorontalo,,,Kota,City,7571,ID.GO.GM
IDN,Indonesia,IDN.6_1,Gorontalo,,IDN.6.7_1,Pohuwato,,,Kabupaten,Regency,7503,ID.GO.PO
IDN,Indonesia,IDN.7_1,Jakarta Raya,,IDN.7.1_1,Jakarta Barat,,,Kota,City,3174,ID.JK.JB
IDN,Indonesia,IDN.7_1,Jakarta Raya,,IDN.7.2_1,Jakarta Pusat,,,Kota,City,3173,ID.JK.JP
IDN,Indonesia,IDN.7_1,Jakarta Raya,,IDN.7.3_1,Jakarta Selatan,,,Kota,City,3171,ID.JK.JS
IDN,Indonesia,IDN.7_1,Jakarta Raya,,IDN.7.4_1,Jakarta Timur,,,Kota,City,3172,ID.JK.JT
IDN,Indonesia,IDN.7_1,Jakarta Raya,,IDN.7.5_1,Jakarta Utara,,,Kota,City,3175,ID.JK.JU
IDN,Indonesia,IDN.7_1,Jakarta Raya,,IDN.7.6_1,Kepulauan Seribu,,,Kabupaten,Regency,3101,ID.JK.KS
IDN,Indonesia,IDN.8_1,Jambi,,IDN.8.1_1,Batang Hari,,,Kabupaten,Regency,1504,ID.JA.BA
IDN,Indonesia,IDN.8_1,Jambi,,IDN.8.2_1,Bungo,,,Kabupaten,Regency,1509,ID.JA.BT
IDN,Indonesia,IDN.8_1,Jambi,,IDN.8.3_1,Jambi,,,Kota,City,1571,ID.JA.JA
IDN,Indonesia,IDN.8_1,Jambi,,IDN.8.4_1,Kerinci,,,Kabupaten,Regency,1501,ID.JA.KR
IDN,Indonesia,IDN.8_1,Jambi,,IDN.8.5_1,Merangin,,,Kabupaten,Regency,1502,ID.JA.SB
IDN,Indonesia,IDN.8_1,Jambi,,IDN.8.6_1,Muaro Jambi,,,Kabupaten,Regency,1505,ID.JA.MJ
IDN,Indonesia,IDN.8_1,Jambi,,IDN.8.7_1,Sarolangun,,,Kabupaten,Regency,1503,ID.JA.SA
IDN,Indonesia,IDN.8_1,Jambi,,IDN.8.8_1,Sungai Penuh,,,Kota,City,1572,ID.JA.SP
IDN,Indonesia,IDN.8_1,Jambi,,IDN.8.9_1,Tanjung Jabung B,,,Kabupaten,Regency,1507,ID.JA.TJ
IDN,Indonesia,IDN.8_1,Jambi,,IDN.8.10_1,Tanjung Jabung T,,,Kabupaten,Regency,1506,ID.JA.TT
IDN,Indonesia,IDN.8_1,Jambi,,IDN.8.11_1,Tebo,,,Kabupaten,Regency,1508,ID.JA.TE
IDN,Indonesia,IDN.9_1,Jawa Barat,,IDN.9.2_1,Bandung,,,Kabupaten,Regency,3204,ID.JR.BU
IDN,Indonesia,IDN.9_1,Jawa Barat,,IDN.9.1_1,Bandung Barat,,,Kabupaten,Regency,3217,ID.JR.BB
IDN,Indonesia,IDN.9_1,Jawa Barat,,IDN.9.3_1,Banjar,,,Kota,City,3279,ID.JR.BA
IDN,Indonesia,IDN.9_1,Jawa Barat,,IDN.9.4_1,Bekasi,,,Kabupaten,Regency,3216,ID.JR.BS
IDN,Indonesia,IDN.9_1,Jawa Barat,,IDN.9.5_1,Bogor,,,Kabupaten,Regency,3201,ID.JR.BR
IDN,Indonesia,IDN.9_1,Jawa Barat,,IDN.9.6_1,Ciamis,,,Kabupaten,Regency,3207,ID.JR.CS
IDN,Indonesia,IDN.9_1,Jawa Barat,,IDN.9.7_1,Cianjur,,,Kabupaten,Regency,3203,ID.JR.CJ
IDN,Indonesia,IDN.9_1,Jawa Barat,,IDN.9.8_1,Cimahi,,,Kota,City,3277,ID.JR.CI
IDN,Indonesia,IDN.9_1,Jawa Barat,,IDN.9.9_1,Cirebon,,,Kabupaten,Regency,3209,ID.JR.CR
IDN,Indonesia,IDN.9_1,Jawa Barat,,IDN.9.10_1,Depok,,,Kota,City,3276,ID.JR.DE
IDN,Indonesia,IDN.9_1,Jawa Barat,,IDN.9.11_1,Garut,,,Kabupaten,Regency,3205,ID.JR.GA
IDN,Indonesia,IDN.9_1,Jawa Barat,,IDN.9.12_1,Indramayu,,,Kabupaten,Regency,3212,ID.JR.IN
IDN,Indonesia,IDN.9_1,Jawa Barat,,IDN.9.13_1,Karawang,,,Kabupaten,Regency,3215,ID.JR.KA
IDN,Indonesia,IDN.9_1,Jawa Barat,,IDN.9.14_1,Kota Bandung,,,Kota,City,3273,ID.JR.BN
IDN,Indonesia,IDN.9_1,Jawa Barat,,IDN.9.15_1,Kota Bekasi,,,Kota,City,3275,ID.JR.BK
IDN,Indonesia,IDN.9_1,Jawa Barat,,IDN.9.16_1,Kota Bogor,,,Kota,City,3271,ID.JR.BG
IDN,Indonesia,IDN.9_1,Jawa Barat,,IDN.9.17_1,Kota Cirebon,,,Kota,City,3274,ID.JR.CM
IDN,Indonesia,IDN.9_1,Jawa Barat,,IDN.9.18_1,Kota Sukabumi,,,Kota,City,3272,ID.JR.SM
IDN,Indonesia,IDN.9_1,Jawa Barat,,IDN.9.19_1,Kota Tasikmalaya,,,Kota,City,3278,ID.JR.TM
IDN,Indonesia,IDN.9_1,Jawa Barat,,IDN.9.20_1,Kuningan,,,Kabupaten,Regency,3208,ID.JR.KU
IDN,Indonesia,IDN.9_1,Jawa Barat,,IDN.9.21_1,Majalengka,,,Kabupaten,Regency,3210,ID.JR.MA
IDN,Indonesia,IDN.9_1,Jawa Barat,,IDN.9.22_1,Purwakarta,,,Kabupaten,Regency,3214,ID.JR.PU
IDN,Indonesia,IDN.9_1,Jawa Barat,,IDN.9.23_1,Subang,,,Kabupaten,Regency,3213,ID.JR.SB
IDN,Indonesia,IDN.9_1,Jawa Barat,,IDN.9.24_1,Sukabumi,,,Kabupaten,Regency,3202,ID.JR.SR
IDN,Indonesia,IDN.9_1,Jawa Barat,,IDN.9.25_1,Sumedang,,,Kabupaten,Regency,3211,ID.JR.SD
IDN,Indonesia,IDN.9_1,Jawa Barat,,IDN.9.26_1,Tasikmalaya,,,Kabupaten,Regency,3206,ID.JR.TA
IDN,Indonesia,IDN.9_1,Jawa Barat,,IDN.9.27_1,Waduk Cirata,,,Water Body,Water Body,3288,
IDN,Indonesia,IDN.10_1,Jawa Tengah,,IDN.10.1_1,Banjarnegara,,,Kabupaten,Regency,3304,ID.JT.BN
IDN,Indonesia,IDN.10_1,Jawa Tengah,,IDN.10.2_1,Banyumas,,,Kabupaten,Regency,3302,ID.JT.BY
IDN,Indonesia,IDN.10_1,Jawa Tengah,,IDN.10.3_1,Batang,,,Kabupaten,Regency,3325,ID.JT.BT
IDN,Indonesia,IDN.10_1,Jawa Tengah,,IDN.10.4_1,Blora,,,Kabupaten,Regency,3316,ID.JT.BL
IDN,Indonesia,IDN.10_1,Jawa Tengah,,IDN.10.5_1,Boyolali,,,Kabupaten,Regency,3309,ID.JT.BO
IDN,Indonesia,IDN.10_1,Jawa Tengah,,IDN.10.6_1,Brebes,,,Kabupaten,Regency,3329,ID.JT.BR
IDN,Indonesia,IDN.10_1,Jawa Tengah,,IDN.10.7_1,Cilacap,,,Kabupaten,Regency,3301,ID.JT.CI
IDN,Indonesia,IDN.10_1,Jawa Tengah,,IDN.10.8_1,Demak,,,Kabupaten,Regency,3321,ID.JT.DE
IDN,Indonesia,IDN.10_1,Jawa Tengah,,IDN.10.9_1,Grobogan,,,Kabupaten,Regency,3315,ID.JT.GR
IDN,Indonesia,IDN.10_1,Jawa Tengah,,IDN.10.10_1,Jepara,,,Kabupaten,Regency,3320,ID.JT.JE
IDN,Indonesia,IDN.10_1,Jawa Tengah,,IDN.10.11_1,Karanganyar,,,Kabupaten,Regency,3313,ID.JT.KA
IDN,Indonesia,IDN.10_1,Jawa Tengah,,IDN.10.12_1,Kebumen,,,Kabupaten,Regency,3305,ID.JT.KB
IDN,Indonesia,IDN.10_1,Jawa Tengah,,IDN.10.13_1,Kendal,,,Kabupaten,Regency,3324,ID.JT.KN
IDN,Indonesia,IDN.10_1,Jawa Tengah,,IDN.10.14_1,Klaten,,,Kabupaten,Regency,3310,ID.JT.KL
IDN,Indonesia,IDN.10_1,Jawa Tengah,,IDN.10.15_1,Kota Magelang,,,Kota,City,3371,ID.JT.MM
IDN,Indonesia,IDN.10_1,Jawa Tengah,,IDN.10.16_1,Kota Pekalongan,,,Kota,City,3375,ID.JT.PM
IDN,Indonesia,IDN.10_1,Jawa Tengah,,IDN.10.17_1,Kota Semarang,,,Kota,City,3374,ID.JT.SM
IDN,Indonesia,IDN.10_1,Jawa Tengah,,IDN.10.18_1,Kota Tegal,,,Kota,City,3376,ID.JT.TM
IDN,Indonesia,IDN.10_1,Jawa Tengah,,IDN.10.19_1,Kudus,,,Kabupaten,Regency,3319,ID.JT.KU
IDN,Indonesia,IDN.10_1,Jawa Tengah,,IDN.10.20_1,Magelang,,,Kabupaten,Regency,3308,ID.JT.MR
IDN,Indonesia,IDN.10_1,Jawa Tengah,,IDN.10.21_1,Pati,,,Kabupaten,Regency,3318,ID.JT.PA
IDN,Indonesia,IDN.10_1,Jawa Tengah,,IDN.10.22_1,Pekalongan,,,Kabupaten,Regency,3326,ID.JT.PR
IDN,Indonesia,IDN.10_1,Jawa Tengah,,IDN.10.23_1,Pemalang,,,Kabupaten,Regency,3327,ID.JT.PL
IDN,Indonesia,IDN.10_1,Jawa Tengah,,IDN.10.24_1,Purbalingga,,,Kabupaten,Regency,3303,ID.JT.PB
IDN,Indonesia,IDN.10_1,Jawa Tengah,,IDN.10.25_1,Purworejo,,,Kabupaten,Regency,3306,ID.JT.PW
IDN,Indonesia,IDN.10_1,Jawa Tengah,,IDN.10.26_1,Rembang,,,Kabupaten,Regency,3317,ID.JT.RE
IDN,Indonesia,IDN.10_1,Jawa Tengah,,IDN.10.27_1,Salatiga,,,Kota,City,3373,ID.JT.SA
IDN,Indonesia,IDN.10_1,Jawa Tengah,,IDN.10.28_1,Semarang,,,Kabupaten,Regency,3322,ID.JT.SR
IDN,Indonesia,IDN.10_1,Jawa Tengah,,IDN.10.29_1,Sragen,,,Kabupaten,Regency,3314,ID.JT.SG
IDN,Indonesia,IDN.10_1,Jawa Tengah,,IDN.10.30_1,Sukoharjo,,,Kabupaten,Regency,3311,ID.JT.SH
IDN,Indonesia,IDN.10_1,Jawa Tengah,,IDN.10.31_1,Surakarta,,,Kota,City,3372,ID.JT.SK
IDN,Indonesia,IDN.10_1,Jawa Tengah,,IDN.10.32_1,Tegal,,,Kabupaten,Regency,3328,ID.JT.TR
IDN,Indonesia,IDN.10_1,Jawa Tengah,,IDN.10.33_1,Temanggung,,,Kabupaten,Regency,3323,ID.JT.TG
IDN,Indonesia,IDN.10_1,Jawa Tengah,,IDN.10.34_1,Waduk Kedungombo,,,Water Body,Water Body,3388,
IDN,Indonesia,IDN.10_1,Jawa Tengah,,IDN.10.35_1,Wonogiri,,,Kabupaten,Regency,3312,ID.JT.WG
IDN,Indonesia,IDN.10_1,Jawa Tengah,,IDN.10.36_1,Wonosobo,,,Kabupaten,Regency,3307,ID.JT.WS
IDN,Indonesia,IDN.11_1,Jawa Timur,,IDN.11.1_1,Bangkalan,,,Kabupaten,Regency,3526,ID.JI.BK
IDN,Indonesia,IDN.11_1,Jawa Timur,,IDN.11.2_1,Banyuwangi,,,Kabupaten,Regency,3510,ID.JI.BW
IDN,Indonesia,IDN.11_1,Jawa Timur,,IDN.11.3_1,Batu,,,Kota,City,3579,ID.JI.BA
IDN,Indonesia,IDN.11_1,Jawa Timur,,IDN.11.4_1,Blitar,,,Kabupaten,Regency,3505,ID.JI.BR
IDN,Indonesia,IDN.11_1,Jawa Timur,,IDN.11.5_1,Bojonegoro,,,Kabupaten,Regency,3522,ID.JI.BJ
IDN,Indonesia,IDN.11_1,Jawa Timur,,IDN.11.6_1,Bondowoso,,,Kabupaten,Regency,3511,ID.JI.BD
IDN,Indonesia,IDN.11_1,Jawa Timur,,IDN.11.7_1,Gresik,,,Kabupaten,Regency,3525,ID.JI.GR
IDN,Indonesia,IDN.11_1,Jawa Timur,,IDN.11.8_1,Jember,,,Kabupaten,Regency,3509,ID.JI.JE
IDN,Indonesia,IDN.11_1,Jawa Timur,,IDN.11.9_1,Jombang,,,Kabupaten,Regency,3517,ID.JI.JO
IDN,Indonesia,IDN.11_1,Jawa Timur,,IDN.11.10_1,Kediri,,,Kabupaten,Regency,3506,ID.JI.KR
IDN,Indonesia,IDN.11_1,Jawa Timur,,IDN.11.11_1,Kota Blitar,,,Kota,City,3572,ID.JI.BM
IDN,Indonesia,IDN.11_1,Jawa Timur,,IDN.11.12_1,Kota Kediri,,,Kota,City,3571,ID.JI.KM
IDN,Indonesia,IDN.11_1,Jawa Timur,,IDN.11.13_1,Kota Madiun,,,Kota,City,3577,ID.JI.MD
IDN,Indonesia,IDN.11_1,Jawa Timur,,IDN.11.14_1,Kota Malang,,,Kota,City,3573,ID.JI.ML
IDN,Indonesia,IDN.11_1,Jawa Timur,,IDN.11.15_1,Kota Mojokerto,,,Kota,City,3576,ID.JI.MJ
IDN,Indonesia,IDN.11_1,Jawa Timur,,IDN.11.16_1,Kota Pasuruan,,,Kota,City,3575,ID.JI.PS
IDN,Indonesia,IDN.11_1,Jawa Timur,,IDN.11.17_1,Kota Probolinggo,,,Kota,City,3574,ID.JI.PB
IDN,Indonesia,IDN.11_1,Jawa Timur,,IDN.11.18_1,Lamongan,,,Kabupaten,Regency,3524,ID.JI.LA
IDN,Indonesia,IDN.11_1,Jawa Timur,,IDN.11.19_1,Lumajang,,,Kabupaten,Regency,3508,ID.JI.LU
IDN,Indonesia,IDN.11_1,Jawa Timur,,IDN.11.20_1,Madiun,,,Kabupaten,Regency,3519,ID.JI.MN
IDN,Indonesia,IDN.11_1,Jawa Timur,,IDN.11.21_1,Magetan,,,Kabupaten,Regency,3520,ID.JI.MT
IDN,Indonesia,IDN.11_1,Jawa Timur,,IDN.11.22_1,Malang,,,Kabupaten,Regency,3507,ID.JI.MG
IDN,Indonesia,IDN.11_1,Jawa Timur,,IDN.11.23_1,Mojokerto,,,Kabupaten,Regency,3516,ID.JI.MK
IDN,Indonesia,IDN.11_1,Jawa Timur,,IDN.11.24_1,Nganjuk,,,Kabupaten,Regency,3518,ID.JI.NJ
IDN,Indonesia,IDN.11_1,Jawa Timur,,IDN.11.25_1,Ngawi,,,Kabupaten,Regency,3521,ID.JI.NW
IDN,Indonesia,IDN.11_1,Jawa Timur,,IDN.11.26_1,Pacitan,,,Kabupaten,Regency,3501,ID.JI.PC
IDN,Indonesia,IDN.11_1,Jawa Timur,,IDN.11.27_1,Pamekasan,,,Kabupaten,Regency,3528,ID.JI.PK
IDN,Indonesia,IDN.11_1,Jawa Timur,,IDN.11.28_1,Pasuruan,,,Kabupaten,Regency,3514,ID.JI.PR
IDN,Indonesia,IDN.11_1,Jawa Timur,,IDN.11.29_1,Ponorogo,,,Kabupaten,Regency,3502,ID.JI.PG
IDN,Indonesia,IDN.11_1,Jawa Timur,,IDN.11.30_1,Probolinggo,,,Kabupaten,Regency,3513,ID.JI.PL
IDN,Indonesia,IDN.11_1,Jawa Timur,,IDN.11.31_1,Sampang,,,Kabupaten,Regency,3527,ID.JI.SA
IDN,Indonesia,IDN.11_1,Jawa Timur,,IDN.11.32_1,Sidoarjo,,,Kabupaten,Regency,3515,ID.JI.SD
IDN,Indonesia,IDN.11_1,Jawa Timur,,IDN.11.33_1,Situbondo,,,Kabupaten,Regency,3512,ID.JI.SB
IDN,Indonesia,IDN.11_1,Jawa Timur,,IDN.11.34_1,Sumenep,,,Kabupaten,Regency,3529,ID.JI.SM
IDN,Indonesia,IDN.11_1,Jawa Timur,,IDN.11.35_1,Surabaya,,,Kota,City,3578,ID.JI.SR
IDN,Indonesia,IDN.11_1,Jawa Timur,,IDN.11.36_1,Trenggalek,,,Kabupaten,Regency,3503,ID.JI.TR
IDN,Indonesia,IDN.11_1,Jawa Timur,,IDN.11.37_1,Tuban,,,Kabupaten,Regency,3523,ID.JI.TB
IDN,Indonesia,IDN.11_1,Jawa Timur,,IDN.11.38_1,Tulungagung,,,Kabupaten,Regency,3504,ID.JI.TG
IDN,Indonesia,IDN.12_1,Kalimantan Barat,,IDN.12.1_1,Bengkayang,,,Kabupaten,Regency,6102,ID.KB.BE
IDN,Indonesia,IDN.12_1,Kalimantan Barat,,IDN.12.2_1,Kapuas Hulu,,,Kabupaten,Regency,6108,ID.KB.KH
IDN,Indonesia,IDN.12_1,Kalimantan Barat,,IDN.12.3_1,Kayong Utara,,,Kabupaten,Regency,6111,ID.KB.KU
IDN,Indonesia,IDN.12_1,Kalimantan Barat,,IDN.12.4_1,Ketapang,,,Kabupaten,Regency,6106,ID.KB.KP
IDN,Indonesia,IDN.12_1,Kalimantan Barat,,IDN.12.5_1,Kota Pontianak,,,Kota,City,6171,ID.KB.PN
IDN,Indonesia,IDN.12_1,Kalimantan Barat,,IDN.12.6_1,Kubu Raya,,,Kabupaten,Regency,6112,ID.KB.KR
IDN,Indonesia,IDN.12_1,Kalimantan Barat,,IDN.12.7_1,Landak,,,Kabupaten,Regency,6103,ID.KB.LA
IDN,Indonesia,IDN.12_1,Kalimantan Barat,,IDN.12.8_1,Melawi,,,Kabupaten,Regency,6110,ID.KB.ME
IDN,Indonesia,IDN.12_1,Kalimantan Barat,,IDN.12.9_1,Pontianak,,,Kabupaten,Regency,6104,ID.KB.PR
IDN,Indonesia,IDN.12_1,Kalimantan Barat,,IDN.12.10_1,Sambas,,,Kabupaten,Regency,6101,ID.KB.SM
IDN,Indonesia,IDN.12_1,Kalimantan Barat,,IDN.12.11_1,Sanggau,,,Kabupaten,Regency,6105,ID.KB.SN
IDN,Indonesia,IDN.12_1,Kalimantan Barat,,IDN.12.12_1,Sekadau,,,Kabupaten,Regency,6109,ID.KB.SE
IDN,Indonesia,IDN.12_1,Kalimantan Barat,,IDN.12.13_1,Singkawang,,,Kota,City,6172,ID.KB.SK
IDN,Indonesia,IDN.12_1,Kalimantan Barat,,IDN.12.14_1,Sintang,,,Kabupaten,Regency,6107,ID.KB.SI
IDN,Indonesia,IDN.13_1,Kalimantan Selatan,,IDN.13.1_1,Balangan,,,Kabupaten,Regency,6311,ID.KS.BA
IDN,Indonesia,IDN.13_1,Kalimantan Selatan,,IDN.13.3_1,Banjar,,,Kabupaten,Regency,6303,ID.KS.BN
IDN,Indonesia,IDN.13_1,Kalimantan Selatan,,IDN.13.2_1,Banjar Baru,,,Kota,City,6372,ID.KS.BB
IDN,Indonesia,IDN.13_1,Kalimantan Selatan,,IDN.13.4_1,Banjarmasin,,,Kota,City,6371,ID.KS.BM
IDN,Indonesia,IDN.13_1,Kalimantan Selatan,,IDN.13.5_1,Barito Kuala,,,Kabupaten,Regency,6304,ID.KS.BK
IDN,Indonesia,IDN.13_1,Kalimantan Selatan,,IDN.13.6_1,Hulu Sungai Selatan,,,Kabupaten,Regency,6306,ID.KS.HS
IDN,Indonesia,IDN.13_1,Kalimantan Selatan,,IDN.13.7_1,Hulu Sungai Tengah,,,Kabupaten,Regency,6307,ID.KS.HT
IDN,Indonesia,IDN.13_1,Kalimantan Selatan,,IDN.13.8_1,Hulu Sungai Utara,,,Kabupaten,Regency,6308,ID.KS.HU
IDN,Indonesia,IDN.13_1,Kalimantan Selatan,,IDN.13.9_1,Kota Baru,,,Kabupaten,Regency,6302,ID.KS.KB
IDN,Indonesia,IDN.13_1,Kalimantan Selatan,,IDN.13.10_1,Tabalong,,,Kabupaten,Regency,6309,ID.KS.TB
IDN,Indonesia,IDN.13_1,Kalimantan Selatan,,IDN.13.11_1,Tanah Bumbu,,,Kabupaten,Regency,6310,ID.KS.TN
IDN,Indonesia,IDN.13_1,Kalimantan Selatan,,IDN.13.12_1,Tanah Laut,,,Kabupaten,Regency,6301,ID.KS.TL
IDN,Indonesia,IDN.13_1,Kalimantan Selatan,,IDN.13.13_1,Tapin,,,Kabupaten,Regency,6305,ID.KS.TP
IDN,Indonesia,IDN.14_1,Kalimantan Tengah,,IDN.14.1_1,Barito Selatan,,,Kabupaten,Regency,6204,ID.KT.BS
IDN,Indonesia,IDN.14_1,Kalimantan Tengah,,IDN.14.2_1,Barito Timur,,,Kabupaten,Regency,6212,ID.KT.BT
IDN,Indonesia,IDN.14_1,Kalimantan Tengah,,IDN.14.3_1,Barito Utara,,,Kabupaten,Regency,6205,ID.KT.BU
IDN,Indonesia,IDN.14_1,Kalimantan Tengah,,IDN.14.4_1,Gunung Mas,,,Kabupaten,Regency,6211,ID.KT.GM
IDN,Indonesia,IDN.14_1,Kalimantan Tengah,,IDN.14.5_1,Kapuas,,,Kabupaten,Regency,6203,ID.KT.KA
IDN,Indonesia,IDN.14_1,Kalimantan Tengah,,IDN.14.6_1,Katingan,,,Kabupaten,Regency,6209,ID.KT.KG
IDN,Indonesia,IDN.14_1,Kalimantan Tengah,,IDN.14.7_1,Kotawaringin Barat,,,Kabupaten,Regency,6201,ID.KT.KB
IDN,Indonesia,IDN.14_1,Kalimantan Tengah,,IDN.14.8_1,Kotawaringin Timur,,,Kabupaten,Regency,6202,ID.KT.KT
IDN,Indonesia,IDN.14_1,Kalimantan Tengah,,IDN.14.9_1,Lamandau,,,Kabupaten,Regency,6207,ID.KT.LA
IDN,Indonesia,IDN.14_1,Kalimantan Tengah,,IDN.14.10_1,Murung Raya,,,Kabupaten,Regency,6213,ID.KT.MR
IDN,Indonesia,IDN.14_1,Kalimantan Tengah,,IDN.14.11_1,Palangka Raya,,,Kota,City,6271,ID.KT.PR
IDN,Indonesia,IDN.14_1,Kalimantan Tengah,,IDN.14.12_1,Pulang Pisau,,,Kabupaten,Regency,6210,ID.KT.PP
IDN,Indonesia,IDN.14_1,Kalimantan Tengah,,IDN.14.13_1,Seruyan,,,Kabupaten,Regency,6208,ID.KT.SE
IDN,Indonesia,IDN.14_1,Kalimantan Tengah,,IDN.14.14_1,Sukamara,,,Kabupaten,Regency,6206,ID.KT.SU
IDN,Indonesia,IDN.15_1,Kalimantan Timur,,IDN.15.1_1,Balikpapan,,,Kota,City,6471,ID.KM.BA
IDN,Indonesia,IDN.15_1,Kalimantan Timur,,IDN.15.2_1,Berau,,,Kabupaten,Regency,6405,ID.KM.BE
IDN,Indonesia,IDN.15_1,Kalimantan Timur,,IDN.15.3_1,Bontang,,,Kota,City,6474,ID.KM.BO
IDN,Indonesia,IDN.15_1,Kalimantan Timur,,IDN.15.4_1,Bulungan,,,Kabupaten,Regency,6407,ID.KU.BL
IDN,Indonesia,IDN.15_1,Kalimantan Timur,,IDN.15.5_1,Kutai Barat,,,Kabupaten,Regency,6402,ID.KM.KB
IDN,Indonesia,IDN.15_1,Kalimantan Timur,,IDN.15.6_1,Kutai Kartanegara,,,Kabupaten,Regency,6403,ID.KM.KU
IDN,Indonesia,IDN.15_1,Kalimantan Timur,,IDN.15.7_1,Kutai Timur,,,Kabupaten,Regency,6404,ID.KM.KT
IDN,Indonesia,IDN.15_1,Kalimantan Timur,,IDN.15.8_1,Malinau,,,Kabupaten,Regency,6406,ID.KU.MA
IDN,Indonesia,IDN.15_1,Kalimantan Timur,,IDN.15.9_1,Nunukan,,,Kabupaten,Regency,6408,ID.KU.NU
IDN,Indonesia,IDN.15_1,Kalimantan Timur,,IDN.15.10_1,Paser,,,Kabupaten,Regency,6401,ID.KM.PA
IDN,Indonesia,IDN.15_1,Kalimantan Timur,,IDN.15.11_1,Penajam Paser Utara,,,Kabupaten,Regency,6409,ID.KM.PP
IDN,Indonesia,IDN.15_1,Kalimantan Timur,,IDN.15.12_1,Samarinda,,,Kota,City,6472,ID.KM.SA
IDN,Indonesia,IDN.15_1,Kalimantan Timur,,IDN.15.13_1,Tana Tidung,,,Kabupaten,Regency,6410,ID.KU.TT
IDN,Indonesia,IDN.15_1,Kalimantan Timur,,IDN.15.14_1,Tarakan,,,Kota,City,6473,ID.KU.TA
IDN,Indonesia,IDN.16_1,Kepulauan Riau,,IDN.16.1_1,Batam,,,Kota,City,2171,ID.KR.BA
IDN,Indonesia,IDN.16_1,Kepulauan Riau,,IDN.16.2_1,Bintan,,,Kabupaten,Regency,2102,ID.KR.KR
IDN,Indonesia,IDN.16_1,Kepulauan Riau,,IDN.16.3_1,Karimun,,,Kabupaten,Regency,2101,ID.KR.KA
IDN,Indonesia,IDN.16_1,Kepulauan Riau,,IDN.16.4_1,Kepulauan Anambas,,,Kabupaten,Regency,2105,ID.KR.KM
IDN,Indonesia,IDN.16_1,Kepulauan Riau,,IDN.16.5_1,Lingga,,,Kabupaten,Regency,2104,ID.KR.LI
IDN,Indonesia,IDN.16_1,Kepulauan Riau,,IDN.16.6_1,Natuna,,,Kabupaten,Regency,2103,ID.KR.NT
IDN,Indonesia,IDN.16_1,Kepulauan Riau,,IDN.16.7_1,Tanjungpinang,,,Kota,City,2172,ID.KR.TP
IDN,Indonesia,IDN.17_1,Lampung,,IDN.17.1_1,Bandar Lampung,,,Kota,City,1871,ID.LA.BL
IDN,Indonesia,IDN.17_1,Lampung,,IDN.17.2_1,Lampung Barat,,,Kabupaten,Regency,1801,ID.LA.LB
IDN,Indonesia,IDN.17_1,Lampung,,IDN.17.3_1,Lampung Selatan,,,Kabupaten,Regency,1803,ID.LA.LP
IDN,Indonesia,IDN.17_1,Lampung,,IDN.17.4_1,Lampung Tengah,,,Kabupaten,Regency,1805,ID.LA.LT
IDN,Indonesia,IDN.17_1,Lampung,,IDN.17.5_1,Lampung Timur,,,Kabupaten,Regency,1804,ID.LA.LI
IDN,Indonesia,IDN.17_1,Lampung,,IDN.17.6_1,Lampung Utara,,,Kabupaten,Regency,1806,ID.LA.LU
IDN,Indonesia,IDN.17_1,Lampung,,IDN.17.7_1,Mesuji,,,Kabupaten,Regency,1811,ID.LA.MJ
IDN,Indonesia,IDN.17_1,Lampung,,IDN.17.8_1,Metro,,,Kota,City,1872,ID.LA.ME
IDN,Indonesia,IDN.17_1,Lampung,,IDN.17.9_1,Pesawaran,,,Kabupaten,Regency,1809,ID.LA.PA
IDN,Indonesia,IDN.17_1,Lampung,,IDN.17.10_1,Pringsewu,,,Kabupaten,Regency,1810,ID.LA.PG
IDN,Indonesia,IDN.17_1,Lampung,,IDN.17.11_1,Tanggamus,,,Kabupaten,Regency,1802,ID.LA.TG
IDN,Indonesia,IDN.17_1,Lampung,,IDN.17.12_1,Tulang Bawang Barat,,,Kabupaten,Regency,1812,ID.LA.TR
IDN,Indonesia,IDN.17_1,Lampung,,IDN.17.13_1,Tulangbawang,,,Kabupaten,Regency,1808,ID.LA.TL
IDN,Indonesia,IDN.17_1,Lampung,,IDN.17.14_1,Way Kanan,,,Kabupaten,Regency,1807,ID.LA.WK
IDN,Indonesia,IDN.19_1,Maluku,,IDN.19.1_1,Ambon,,,Kota,City,8171,ID.MA.AM
IDN,Indonesia,IDN.19_1,Maluku,,IDN.19.3_1,Buru,,,Kabupaten,Regency,8104,ID.MA.BR
IDN,Indonesia,IDN.19_1,Maluku,,IDN.19.2_1,Buru Selatan,,,Kabupaten,Regency,8109,ID.MA.BS
IDN,Indonesia,IDN.19_1,Maluku,,IDN.19.4_1,Kepulauan Aru,,,Kabupaten,Regency,8105,ID.MA.KA
IDN,Indonesia,IDN.19_1,Maluku,,IDN.19.5_1,Maluku Barat Daya,,,Kabupaten,Regency,8108,ID.MA.MD
IDN,Indonesia,IDN.19_1,Maluku,,IDN.19.6_1,Maluku Tengah,,,Kabupaten,Regency,8103,ID.MA.MT
IDN,Indonesia,IDN.19_1,Maluku,,IDN.19.8_1,Maluku Tenggara,,,Kabupaten,Regency,8102,ID.MA.MN
IDN,Indonesia,IDN.19_1,Maluku,,IDN.19.7_1,Maluku Tenggara Barat,,,Kabupaten,Regency,8101,ID.MA.MB
IDN,Indonesia,IDN.19_1,Maluku,,IDN.19.9_1,Seram Bagian Barat,,,Kabupaten,Regency,8106,ID.MA.SB
IDN,Indonesia,IDN.19_1,Maluku,,IDN.19.10_1,Seram Bagian Timur,,,Kabupaten,Regency,8107,ID.MA.ST
IDN,Indonesia,IDN.19_1,Maluku,,IDN.19.11_1,Tual,,,Kota,City,8172,ID.MA.TU
IDN,Indonesia,IDN.18_1,Maluku Utara,,IDN.18.1_1,Halmahera Barat,,,Kabupaten,Regency,8201,ID.MU.HB
IDN,Indonesia,IDN.18_1,Maluku Utara,,IDN.18.2_1,Halmahera Selatan,,,Kabupaten,Regency,8204,ID.MU.HS
IDN,Indonesia,IDN.18_1,Maluku Utara,,IDN.18.3_1,Halmahera Tengah,,,Kabupaten,Regency,8202,ID.MU.HT
IDN,Indonesia,IDN.18_1,Maluku Utara,,IDN.18.4_1,Halmahera Timur,,,Kabupaten,Regency,8206,ID.MU.HI
IDN,Indonesia,IDN.18_1,Maluku Utara,,IDN.18.5_1,Halmahera Utara,,,Kabupaten,Regency,8205,ID.MU.HR
IDN,Indonesia,IDN.18_1,Maluku Utara,,IDN.18.6_1,Kepulauan Sula,,,Kabupaten,Regency,8203,ID.MU.KS
IDN,Indonesia,IDN.18_1,Maluku Utara,,IDN.18.7_1,Pulau Morotai,,,Kabupaten,Regency,8207,ID.MU.PM
IDN,Indonesia,IDN.18_1,Maluku Utara,,IDN.18.8_1,Ternate,,,Kota,City,8271,ID.MU.TE
IDN,Indonesia,IDN.18_1,Maluku Utara,,IDN.18.9_1,Tidore Kepulauan,,,Kota,City,8272,ID.MU.TK
IDN,Indonesia,IDN.20_1,Nusa Tenggara Barat,,IDN.20.1_1,Bima,,,Kabupaten,Regency,5206,ID.NB.BI
IDN,Indonesia,IDN.20_1,Nusa Tenggara Barat,,IDN.20.2_1,Dompu,,,Kabupaten,Regency,5205,ID.NB.DO
IDN,Indonesia,IDN.20_1,Nusa Tenggara Barat,,IDN.20.3_1,Kota Bima,,,Kota,City,5272,ID.NB.BM
IDN,Indonesia,IDN.20_1,Nusa Tenggara Barat,,IDN.20.4_1,Lombok Barat,,,Kabupaten,Regency,5201,ID.NB.LR
IDN,Indonesia,IDN.20_1,Nusa Tenggara Barat,,IDN.20.5_1,Lombok Tengah,,,Kabupaten,Regency,5202,ID.NB.LT
IDN,Indonesia,IDN.20_1,Nusa Tenggara Barat,,IDN.20.6_1,Lombok Timur,,,Kabupaten,Regency,5203,ID.NB.LI
IDN,Indonesia,IDN.20_1,Nusa Tenggara Barat,,IDN.20.7_1,Lombok Utara,,,Kabupaten,Regency,5208,ID.NB.LU
IDN,Indonesia,IDN.20_1,Nusa Tenggara Barat,,IDN.20.8_1,Mataram,,,Kota,City,5271,ID.NB.MA
IDN,Indonesia,IDN.20_1,Nusa Tenggara Barat,,IDN.20.10_1,Sumbawa,,,Kabupaten,Regency,5204,ID.NB.SU
IDN,Indonesia,IDN.20_1,Nusa Tenggara Barat,,IDN.20.9_1,Sumbawa Barat,,,Kabupaten,Regency,5207,ID.NB.SB
IDN,Indonesia,IDN.21_1,Nusa Tenggara Timur,,IDN.21.1_1,Alor,,,Kabupaten,Regency,5307,ID.NT.AL
IDN,Indonesia,IDN.21_1,Nusa Tenggara Timur,,IDN.21.2_1,Belu,,,Kabupaten,Regency,5306,ID.NT.BE
IDN,Indonesia,IDN.21_1,Nusa Tenggara Timur,,IDN.21.3_1,Ende,,,Kabupaten,Regency,5311,ID.NT.EN
IDN,Indonesia,IDN.21_1,Nusa Tenggara Timur,,IDN.21.4_1,Flores Timur,,,Kabupaten,Regency,5309,ID.NT.FT
IDN,Indonesia,IDN.21_1,Nusa Tenggara Timur,,IDN.21.5_1,Kota Kupang,,,Kota,City,5371,ID.NT.KM
IDN,Indonesia,IDN.21_1,Nusa Tenggara Timur,,IDN.21.6_1,Kupang,,,Kabupaten,Regency,5303,ID.NT.KP
IDN,Indonesia,IDN.21_1,Nusa Tenggara Timur,,IDN.21.7_1,Lembata,,,Kabupaten,Regency,5308,ID.NT.LE
IDN,Indonesia,IDN.21_1,Nusa Tenggara Timur,,IDN.21.10_1,Manggarai,,,Kabupaten,Regency,5313,ID.NT.MG
IDN,Indonesia,IDN.21_1,Nusa Tenggara Timur,,IDN.21.8_1,Manggarai Barat,,,Kabupaten,Regency,5315,ID.NT.MB
IDN,Indonesia,IDN.21_1,Nusa Tenggara Timur,,IDN.21.9_1,Manggarai Timur,,,Kabupaten,Regency,5319,ID.NT.MT
IDN,Indonesia,IDN.21_1,Nusa Tenggara Timur,,IDN.21.11_1,Nagekeo,,,Kabupaten,Regency,5318,ID.NT.NK
IDN,Indonesia,IDN.21_1,Nusa Tenggara Timur,,IDN.21.12_1,Ngada,,,Kabupaten,Regency,5312,ID.NT.ND
IDN,Indonesia,IDN.21_1,Nusa Tenggara Timur,,IDN.21.13_1,Rote Ndao,,,Kabupaten,Regency,5314,ID.NT.RN
IDN,Indonesia,IDN.21_1,Nusa Tenggara Timur,,IDN.21.14_1,Sabu Raijua,,,Kabupaten,Regency,5320,ID.NT.SJ
IDN,Indonesia,IDN.21_1,Nusa Tenggara Timur,,IDN.21.15_1,Sikka,,,Kabupaten,Regency,5310,ID.NT.SI
IDN,Indonesia,IDN.21_1,Nusa Tenggara Timur,,IDN.21.17_1,Sumba Barat,,,Kabupaten,Regency,5301,ID.NT.SR
IDN,Indonesia,IDN.21_1,Nusa Tenggara Timur,,IDN.21.16_1,Sumba Barat Daya,,,Kabupaten,Regency,5317,ID.NT.SD
IDN,Indonesia,IDN.21_1,Nusa Tenggara Timur,,IDN.21.18_1,Sumba Tengah,,,Kabupaten,Regency,5316,ID.NT.SG
IDN,Indonesia,IDN.21_1,Nusa Tenggara Timur,,IDN.21.19_1,Sumba Timur,,,Kabupaten,Regency,5302,ID.NT.ST
IDN,Indonesia,IDN.21_1,Nusa Tenggara Timur,,IDN.21.20_1,Timor Tengah Selatan,,,Kabupaten,Regency,5304,ID.NT.TS
IDN,Indonesia,IDN.21_1,Nusa Tenggara Timur,,IDN.21.21_1,Timor Tengah Utara,,,Kabupaten,Regency,5305,ID.NT.TU
IDN,Indonesia,IDN.23_1,Papua,,IDN.23.1_1,Asmat,,,Kabupaten,Regency,9415,ID.PA.AS
IDN,Indonesia,IDN.23_1,Papua,,IDN.23.2_1,Biak Numfor,,,Kabupaten,Regency,9409,ID.PA.BN
IDN,Indonesia,IDN.23_1,Papua,,IDN.23.3_1,Boven Digoel,,,Kabupaten,Regency,9413,ID.PA.BD
IDN,Indonesia,IDN.23_1,Papua,,IDN.23.4_1,Deiyai,,,Kabupaten,Regency,9436,ID.PA.DE
IDN,Indonesia,IDN.23_1,Papua,,IDN.23.5_1,Dogiyai,,,Kabupaten,Regency,9434,ID.PA.DG
IDN,Indonesia,IDN.23_1,Papua,,IDN.23.6_1,Intan Jaya,,,Kabupaten,Regency,9435,ID.PA.IJ
IDN,Indonesia,IDN.23_1,Papua,,IDN.23.7_1,Jayapura,,,Kabupaten,Regency,9403,ID.PA.JR
IDN,Indonesia,IDN.23_1,Papua,,IDN.23.8_1,Jayawijaya,,,Kabupaten,Regency,9402,ID.PA.JW
IDN,Indonesia,IDN.23_1,Papua,,IDN.23.9_1,Keerom,,,Kabupaten,Regency,9420,ID.PA.KE
IDN,Indonesia,IDN.23_1,Papua,,IDN.23.10_1,Kepulauan Yapen,,,Kabupaten,Regency,9408,ID.PA.YW
IDN,Indonesia,IDN.23_1,Papua,,IDN.23.11_1,Kota Jayapura,,,Kota,City,9471,ID.PA.JM
IDN,Indonesia,IDN.23_1,Papua,,IDN.23.12_1,Lanny Jaya,,,Kabupaten,Regency,9430,ID.PA.LJ
IDN,Indonesia,IDN.23_1,Papua,,IDN.23.13_1,Mamberamo Raya,,,Kabupaten,Regency,9428,ID.PA.MR
IDN,Indonesia,IDN.23_1,Papua,,IDN.23.14_1,Mamberamo Tengah,,,Kabupaten,Regency,9431,ID.PA.MT
IDN,Indonesia,IDN.23_1,Papua,,IDN.23.15_1,Mappi,,,Kabupaten,Regency,9414,ID.PA.MP
IDN,Indonesia,IDN.23_1,Papua,,IDN.23.16_1,Merauke,,,Kabupaten,Regency,9401,ID.PA.ME
IDN,Indonesia,IDN.23_1,Papua,,IDN.23.17_1,Mimika,,,Kabupaten,Regency,9412,ID.PA.MI
IDN,Indonesia,IDN.23_1,Papua,,IDN.23.18_1,Nabire,,,Kabupaten,Regency,9404,ID.PA.NB
IDN,Indonesia,IDN.23_1,Papua,,IDN.23.19_1,Nduga,,,Kabupaten,Regency,9429,ID.PA.ND
IDN,Indonesia,IDN.23_1,Papua,,IDN.23.20_1,Paniai,,,Kabupaten,Regency,9410,ID.PA.PN
IDN,Indonesia,IDN.23_1,Papua,,IDN.23.21_1,Pegunungan Bintang,,,Kabupaten,Regency,9417,ID.PA.PB
IDN,Indonesia,IDN.23_1,Papua,,IDN.23.23_1,Puncak,,,Kabupaten,Regency,9433,ID.PA.PU
IDN,Indonesia,IDN.23_1,Papua,,IDN.23.22_1,Puncak Jaya,,,Kabupaten,Regency,9411,ID.PA.PC
IDN,Indonesia,IDN.23_1,Papua,,IDN.23.24_1,Sarmi,,,Kabupaten,Regency,9419,ID.PA.SR
IDN,Indonesia,IDN.23_1,Papua,,IDN.23.25_1,Supiori,,,Kabupaten,Regency,9427,ID.PA.SU
IDN,Indonesia,IDN.23_1,Papua,,IDN.23.26_1,Tolikara,,,Kabupaten,Regency,9418,ID.PA.TO
IDN,Indonesia,IDN.23_1,Papua,,IDN.23.27_1,Waropen,,,Kabupaten,Regency,9426,ID.PA.WR
IDN,Indonesia,IDN.23_1,Papua,,IDN.23.28_1,Yahukimo,,,Kabupaten,Regency,9416,ID.PA.YA
IDN,Indonesia,IDN.23_1,Papua,,IDN.23.29_1,Yalimo,,,Kabupaten,Regency,9432,ID.PA.YL
IDN,Indonesia,IDN.22_1,Papua Barat,,IDN.22.1_1,Fakfak,,,Kabupaten,Regency,9101,ID.IB.FA
IDN,Indonesia,IDN.22_1,Papua Barat,,IDN.22.2_1,Kaimana,,,Kabupaten,Regency,9102,ID.IB.KA
IDN,Indonesia,IDN.22_1,Papua Barat,,IDN.22.3_1,Kota Sorong,,,Kota,City,9171,ID.IB.SG
IDN,Indonesia,IDN.22_1,Papua Barat,,IDN.22.4_1,Manokwari,,,Kabupaten,Regency,9105,ID.IB.MA
IDN,Indonesia,IDN.22_1,Papua Barat,,IDN.22.5_1,Maybrat,,,Kabupaten,Regency,9110,ID.IB.MB
IDN,Indonesia,IDN.22_1,Papua Barat,,IDN.22.6_1,Raja Ampat,,,Kabupaten,Regency,9108,ID.IB.RA
IDN,Indonesia,IDN.22_1,Papua Barat,,IDN.22.8_1,Sorong,,,Kabupaten,Regency,9107,ID.IB.SR
IDN,Indonesia,IDN.22_1,Papua Barat,,IDN.22.7_1,Sorong Selatan,,,Kabupaten,Regency,9106,ID.IB.SL
IDN,Indonesia,IDN.22_1,Papua Barat,,IDN.22.9_1,Tambrauw,,,Kabupaten,Regency,9109,ID.IB.TM
IDN,Indonesia,IDN.22_1,Papua Barat,,IDN.22.10_1,Teluk Bintuni,,,Kabupaten,Regency,9104,ID.IB.TK
IDN,Indonesia,IDN.22_1,Papua Barat,,IDN.22.11_1,Teluk Wondama,,,Kabupaten,Regency,9103,ID.IB.TW
IDN,Indonesia,IDN.24_1,Riau,,IDN.24.1_1,Bengkalis,,,Kabupaten,Regency,1408,ID.RI.BK
IDN,Indonesia,IDN.24_1,Riau,,IDN.24.2_1,Dumai,,,Kota,City,1473,ID.RI.DU
IDN,Indonesia,IDN.24_1,Riau,,IDN.24.3_1,Indragiri Hilir,,,Kabupaten,Regency,1403,ID.RI.II
IDN,Indonesia,IDN.24_1,Riau,,IDN.24.4_1,Indragiri Hulu,,,Kabupaten,Regency,1402,ID.RI.IU
IDN,Indonesia,IDN.24_1,Riau,,IDN.24.5_1,Kampar,,,Kabupaten,Regency,1406,ID.RI.KA
IDN,Indonesia,IDN.24_1,Riau,,IDN.24.6_1,Kepulauan Meranti,,,Kabupaten,Regency,1410,ID.RI.KM
IDN,Indonesia,IDN.24_1,Riau,,IDN.24.7_1,Kuantan Singingi,,,Kabupaten,Regency,1401,ID.RI.KS
IDN,Indonesia,IDN.24_1,Riau,,IDN.24.8_1,Pekanbaru,,,Kota,City,1471,ID.RI.PB
IDN,Indonesia,IDN.24_1,Riau,,IDN.24.9_1,Pelalawan,,,Kabupaten,Regency,1404,ID.RI.PE
IDN,Indonesia,IDN.24_1,Riau,,IDN.24.10_1,Rokan Hilir,,,Kabupaten,Regency,1409,ID.RI.RI
IDN,Indonesia,IDN.24_1,Riau,,IDN.24.11_1,Rokan Hulu,,,Kabupaten,Regency,1407,ID.RI.RH
IDN,Indonesia,IDN.24_1,Riau,,IDN.24.12_1,Siak,,,Kabupaten,Regency,1405,ID.RI.SI
IDN,Indonesia,IDN.25_1,Sulawesi Barat,,IDN.25.1_1,Majene,,,Kabupaten,Regency,7601,ID.SR.MJ
IDN,Indonesia,IDN.25_1,Sulawesi Barat,,IDN.25.2_1,Mamasa,,,Kabupaten,Regency,7603,ID.SR.MA
IDN,Indonesia,IDN.25_1,Sulawesi Barat,,IDN.25.4_1,Mamuju,,,Kabupaten,Regency,7604,ID.SR.MM
IDN,Indonesia,IDN.25_1,Sulawesi Barat,,IDN.25.3_1,Mamuju Utara,,,Kabupaten,Regency,7605,ID.SR.MU
IDN,Indonesia,IDN.25_1,Sulawesi Barat,,IDN.25.5_1,Polewali Mandar,,,Kabupaten,Regency,7602,ID.SR.PM
IDN,Indonesia,IDN.26_1,Sulawesi Selatan,,IDN.26.1_1,Bantaeng,,,Kabupaten,Regency,7303,ID.SE.BT
IDN,Indonesia,IDN.26_1,Sulawesi Selatan,,IDN.26.2_1,Barru,,,Kabupaten,Regency,7310,ID.SE.BR
IDN,Indonesia,IDN.26_1,Sulawesi Selatan,,IDN.26.3_1,Bone,,,Kabupaten,Regency,7311,ID.SE.BO
IDN,Indonesia,IDN.26_1,Sulawesi Selatan,,IDN.26.4_1,Bulukumba,,,Kabupaten,Regency,7302,ID.SE.BU
IDN,Indonesia,IDN.26_1,Sulawesi Selatan,,IDN.26.5_1,Enrekang,,,Kabupaten,Regency,7316,ID.SE.EN
IDN,Indonesia,IDN.26_1,Sulawesi Selatan,,IDN.26.6_1,Gowa,,,Kabupaten,Regency,7306,ID.SE.GO
IDN,Indonesia,IDN.26_1,Sulawesi Selatan,,IDN.26.7_1,Jeneponto,,,Kabupaten,Regency,7304,ID.SE.JE
IDN,Indonesia,IDN.26_1,Sulawesi Selatan,,IDN.26.8_1,Kepulauan Selayar,,,Kabupaten,Regency,7301,ID.SE.SE
IDN,Indonesia,IDN.26_1,Sulawesi Selatan,,IDN.26.11_1,Luwu,,,Kabupaten,Regency,7317,ID.SE.LW
IDN,Indonesia,IDN.26_1,Sulawesi Selatan,,IDN.26.9_1,Luwu Timur,,,Kabupaten,Regency,7325,ID.SE.LT
IDN,Indonesia,IDN.26_1,Sulawesi Selatan,,IDN.26.10_1,Luwu Utara,,,Kabupaten,Regency,7322,ID.SE.LU
IDN,Indonesia,IDN.26_1,Sulawesi Selatan,,IDN.26.12_1,Makassar,,,Kota,City,7371,ID.SE.UP
IDN,Indonesia,IDN.26_1,Sulawesi Selatan,,IDN.26.13_1,Maros,,,Kabupaten,Regency,7308,ID.SE.MR
IDN,Indonesia,IDN.26_1,Sulawesi Selatan,,IDN.26.14_1,Palopo,,,Kota,City,7373,ID.SE.PA
IDN,Indonesia,IDN.26_1,Sulawesi Selatan,,IDN.26.15_1,Pangkajene Dan Kepulauan,,,Kabupaten,Regency,7309,ID.SE.PK
IDN,Indonesia,IDN.26_1,Sulawesi Selatan,,IDN.26.16_1,Parepare,,,Kota,City,7372,ID.SE.PP
IDN,Indonesia,IDN.26_1,Sulawesi Selatan,,IDN.26.17_1,Pinrang,,,Kabupaten,Regency,7315,ID.SE.PI
IDN,Indonesia,IDN.26_1,Sulawesi Selatan,,IDN.26.18_1,Sidenreng Rappang,,,Kabupaten,Regency,7314,ID.SE.SR
IDN,Indonesia,IDN.26_1,Sulawesi Selatan,,IDN.26.19_1,Sinjai,,,Kabupaten,Regency,7307,ID.SE.SI
IDN,Indonesia,IDN.26_1,Sulawesi Selatan,,IDN.26.20_1,Soppeng,,,Kabupaten,Regency,7312,ID.SE.SO
IDN,Indonesia,IDN.26_1,Sulawesi Selatan,,IDN.26.21_1,Takalar,,,Kabupaten,Regency,7305,ID.SE.TA
IDN,Indonesia,IDN.26_1,Sulawesi Selatan,,IDN.26.22_1,Tana Toraja,,,Kabupaten,Regency,7318,ID.SE.TN
IDN,Indonesia,IDN.26_1,Sulawesi Selatan,,IDN.26.23_1,Toraja Utara,,,Kabupaten,Regency,7326,ID.SE.TU
IDN,Indonesia,IDN.26_1,Sulawesi Selatan,,IDN.26.24_1,Wajo,,,Kabupaten,Regency,7313,ID.SE.WA
IDN,Indonesia,IDN.27_1,Sulawesi Tengah,,IDN.27.2_1,Banggai,,,Kabupaten,Regency,7202,ID.ST.BA
IDN,Indonesia,IDN.27_1,Sulawesi Tengah,,IDN.27.1_1,Banggai Kepulauan,,,Kabupaten,Regency,7201,ID.ST.BK
IDN,Indonesia,IDN.27_1,Sulawesi Tengah,,IDN.27.3_1,Buol,,,Kabupaten,Regency,7207,ID.ST.BT
IDN,Indonesia,IDN.27_1,Sulawesi Tengah,,IDN.27.4_1,Donggala,,,Kabupaten,Regency,7205,ID.ST.DG
IDN,Indonesia,IDN.27_1,Sulawesi Tengah,,IDN.27.5_1,Morowali,,,Kabupaten,Regency,7203,ID.ST.MO
IDN,Indonesia,IDN.27_1,Sulawesi Tengah,,IDN.27.6_1,Palu,,,Kota,City,7271,ID.ST.PA
IDN,Indonesia,IDN.27_1,Sulawesi Tengah,,IDN.27.7_1,Parigi Moutong,,,Kabupaten,Regency,7208,ID.ST.PM
IDN,Indonesia,IDN.27_1,Sulawesi Tengah,,IDN.27.8_1,Poso,,,Kabupaten,Regency,7204,ID.ST.PO
IDN,Indonesia,IDN.27_1,Sulawesi Tengah,,IDN.27.9_1,Sigi,,,Kabupaten,Regency,7210,ID.ST.SG
IDN,Indonesia,IDN.27_1,Sulawesi Tengah,,IDN.27.10_1,Tojo Una-Una,,,Kabupaten,Regency,7209,ID.ST.TU
IDN,Indonesia,IDN.27_1,Sulawesi Tengah,,IDN.27.11_1,Toli-Toli,,,Kabupaten,Regency,7206,ID.ST.TT
IDN,Indonesia,IDN.28_1,Sulawesi Tenggara,,IDN.28.1_1,Bau-Bau,,,Kota,City,7472,ID.SG.BA
IDN,Indonesia,IDN.28_1,Sulawesi Tenggara,,IDN.28.2_1,Bombana,,,Kabupaten,Regency,7406,ID.SG.BO
IDN,Indonesia,IDN.28_1,Sulawesi Tenggara,,IDN.28.4_1,Buton,,,Kabupaten,Regency,7401,ID.SG.BN
IDN,Indonesia,IDN.28_1,Sulawesi Tenggara,,IDN.28.3_1,Buton Utara,,,Kabupaten,Regency,7409,ID.SG.BT
IDN,Indonesia,IDN.28_1,Sulawesi Tenggara,,IDN.28.5_1,Kendari,,,Kota,City,7471,ID.SG.KM
IDN,Indonesia,IDN.28_1,Sulawesi Tenggara,,IDN.28.7_1,Kolaka,,,Kabupaten,Regency,7404,ID.SG.KO
IDN,Indonesia,IDN.28_1,Sulawesi Tenggara,,IDN.28.6_1,Kolaka Utara,,,Kabupaten,Regency,7408,ID.SG.KU
IDN,Indonesia,IDN.28_1,Sulawesi Tenggara,,IDN.28.10_1,Konawe,,,Kabupaten,Regency,7403,ID.SG.KN
IDN,Indonesia,IDN.28_1,Sulawesi Tenggara,,IDN.28.8_1,Konawe Selatan,,,Kabupaten,Regency,7405,ID.SG.KS
IDN,Indonesia,IDN.28_1,Sulawesi Tenggara,,IDN.28.9_1,Konawe Utara,,,Kabupaten,Regency,7410,ID.SG.KW
IDN,Indonesia,IDN.28_1,Sulawesi Tenggara,,IDN.28.11_1,Muna,,,Kabupaten,Regency,7402,ID.SG.MU
IDN,Indonesia,IDN.28_1,Sulawesi Tenggara,,IDN.28.12_1,Wakatobi,,,Kabupaten,Regency,7407,ID.SG.WA
IDN,Indonesia,IDN.29_1,Sulawesi Utara,,IDN.29.1_1,Bitung,,,Kota,City,7172,ID.SW.BI
IDN,Indonesia,IDN.29_1,Sulawesi Utara,,IDN.29.5_1,Bolaang Mongondow,,,Kabupaten,Regency,7101,ID.SW.BO
IDN,Indonesia,IDN.29_1,Sulawesi Utara,,IDN.29.2_1,Bolaang Mongondow Selatan,,,Kabupaten,Regency,7110,ID.SW.BS
IDN,Indonesia,IDN.29_1,Sulawesi Utara,,IDN.29.3_1,Bolaang Mongondow Timur,,,Kabupaten,Regency,7111,ID.SW.BT
IDN,Indonesia,IDN.29_1,Sulawesi Utara,,IDN.29.4_1,Bolaang Mongondow Utara,,,Kabupaten,Regency,7107,ID.SW.BU
IDN,Indonesia,IDN.29_1,Sulawesi Utara,,IDN.29.6_1,Kepulauan Sangihe,,,Kabupaten,Regency,7103,ID.SW.SG
IDN,Indonesia,IDN.29_1,Sulawesi Utara,,IDN.29.7_1,Kepulauan Talaud,,,Kabupaten,Regency,7104,ID.SW.KS
IDN,Indonesia,IDN.29_1,Sulawesi Utara,,IDN.29.8_1,Kotamobagu,,,Kota,City,7174,ID.SW.KM
IDN,Indonesia,IDN.29_1,Sulawesi Utara,,IDN.29.9_1,Manado,,,Kota,City,7171,ID.SW.MA
IDN,Indonesia,IDN.29_1,Sulawesi Utara,,IDN.29.13_1,Minahasa,,,Kabupaten,Regency,7102,ID.SW.MI
IDN,Indonesia,IDN.29_1,Sulawesi Utara,,IDN.29.10_1,Minahasa Selatan,,,Kabupaten,Regency,7105,ID.SW.ML
IDN,Indonesia,IDN.29_1,Sulawesi Utara,,IDN.29.11_1,Minahasa Tenggara,,,Kabupaten,Regency,7109,ID.SW.MT
IDN,Indonesia,IDN.29_1,Sulawesi Utara,,IDN.29.12_1,Minahasa Utara,,,Kabupaten,Regency,7106,ID.SW.MU
IDN,Indonesia,IDN.29_1,Sulawesi Utara,,IDN.29.14_1,Siau Tagulandang Biaro,,,Kabupaten,Regency,7108,ID.SW.SB
IDN,Indonesia,IDN.29_1,Sulawesi Utara,,IDN.29.15_1,Tomohon,,,Kota,City,7173,ID.SW.TO
IDN,Indonesia,IDN.30_1,Sumatera Barat,,IDN.30.1_1,Agam,,,Kabupaten,Regency,1307,ID.SB.AG
IDN,Indonesia,IDN.30_1,Sumatera Barat,,IDN.30.2_1,Bukittinggi,,,Kota,City,1375,ID.SB.BU
IDN,Indonesia,IDN.30_1,Sumatera Barat,,IDN.30.3_1,Danau,,,Water Body,Water Body,1388,
IDN,Indonesia,IDN.30_1,Sumatera Barat,,IDN.30.4_1,Dharmasraya,,,Kabupaten,Regency,1311,ID.SB.DH
IDN,Indonesia,IDN.30_1,Sumatera Barat,,IDN.30.5_1,Kepulauan Mentawai,,,Kabupaten,Regency,1301,ID.SB.KM
IDN,Indonesia,IDN.30_1,Sumatera Barat,,IDN.30.6_1,Kota Solok,,,Kota,City,1372,ID.SB.SM
IDN,Indonesia,IDN.30_1,Sumatera Barat,,IDN.30.7_1,Lima Puluh Kota,,,Kabupaten,Regency,1308,ID.SB.LP
IDN,Indonesia,IDN.30_1,Sumatera Barat,,IDN.30.10_1,Padang,,,Kota,City,1371,ID.SB.PD
IDN,Indonesia,IDN.30_1,Sumatera Barat,,IDN.30.8_1,Padang Panjang,,,Kota,City,1374,ID.SB.PJ
IDN,Indonesia,IDN.30_1,Sumatera Barat,,IDN.30.9_1,Padang Pariaman,,,Kabupaten,Regency,1306,ID.SB.PP
IDN,Indonesia,IDN.30_1,Sumatera Barat,,IDN.30.11_1,Pariaman,,,Kota,City,1377,ID.SB.PA
IDN,Indonesia,IDN.30_1,Sumatera Barat,,IDN.30.13_1,Pasaman,,,Kabupaten,Regency,1309,ID.SB.PM
IDN,Indonesia,IDN.30_1,Sumatera Barat,,IDN.30.12_1,Pasaman Barat,,,Kabupaten,Regency,1312,ID.SB.PB
IDN,Indonesia,IDN.30_1,Sumatera Barat,,IDN.30.14_1,Payakumbuh,,,Kota,City,1376,ID.SB.PY
IDN,Indonesia,IDN.30_1,Sumatera Barat,,IDN.30.15_1,Pesisir Selatan,,,Kabupaten,Regency,1302,ID.SB.PS
IDN,Indonesia,IDN.30_1,Sumatera Barat,,IDN.30.16_1,Sawahlunto,,,Kota,City,1373,ID.SB.SL
IDN,Indonesia,IDN.30_1,Sumatera Barat,,IDN.30.17_1,Sijunjung,,,Kabupaten,Regency,1304,ID.SB.SS
IDN,Indonesia,IDN.30_1,Sumatera Barat,,IDN.30.19_1,Solok,,,Kabupaten,Regency,1303,ID.SB.SR
IDN,Indonesia,IDN.30_1,Sumatera Barat,,IDN.30.18_1,Solok Selatan,,,Kabupaten,Regency,1310,ID.SB.SK
IDN,Indonesia,IDN.30_1,Sumatera Barat,,IDN.30.20_1,Tanah Datar,,,Kabupaten,Regency,1305,ID.SB.TD
IDN,Indonesia,IDN.31_1,Sumatera Selatan,,IDN.31.1_1,Banyu Asin,,,Kabupaten,Regency,1607,ID.SL.BA
IDN,Indonesia,IDN.31_1,Sumatera Selatan,,IDN.31.2_1,Empat Lawang,,,Kabupaten,Regency,1611,ID.SL.EL
IDN,Indonesia,IDN.31_1,Sumatera Selatan,,IDN.31.3_1,Lahat,,,Kabupaten,Regency,1604,ID.SL.LT
IDN,Indonesia,IDN.31_1,Sumatera Selatan,,IDN.31.4_1,Lubuklinggau,,,Kota,City,1674,ID.SL.LL
IDN,Indonesia,IDN.31_1,Sumatera Selatan,,IDN.31.5_1,Muara Enim,,,Kabupaten,Regency,1603,ID.SL.ME
IDN,Indonesia,IDN.31_1,Sumatera Selatan,,IDN.31.6_1,Musi Banyuasin,,,Kabupaten,Regency,1606,ID.SL.MB
IDN,Indonesia,IDN.31_1,Sumatera Selatan,,IDN.31.7_1,Musi Rawas,,,Kabupaten,Regency,1605,ID.SL.MR
IDN,Indonesia,IDN.31_1,Sumatera Selatan,,IDN.31.8_1,Ogan Ilir,,,Kabupaten,Regency,1610,ID.SL.OI
IDN,Indonesia,IDN.31_1,Sumatera Selatan,,IDN.31.9_1,Ogan Komering Ilir,,,Kabupaten,Regency,1602,ID.SL.OH
IDN,Indonesia,IDN.31_1,Sumatera Selatan,,IDN.31.12_1,Ogan Komering Ulu,,,Kabupaten,Regency,1601,ID.SL.OU
IDN,Indonesia,IDN.31_1,Sumatera Selatan,,IDN.31.10_1,Ogan Komering Ulu Selatan,,,Kabupaten,Regency,1608,ID.SL.OS
IDN,Indonesia,IDN.31_1,Sumatera Selatan,,IDN.31.11_1,Ogan Komering Ulu Timur,,,Kabupaten,Regency,1609,ID.SL.OT
IDN,Indonesia,IDN.31_1,Sumatera Selatan,,IDN.31.13_1,Pagar Alam,,,Kota,City,1673,ID.SL.PG
IDN,Indonesia,IDN.31_1,Sumatera Selatan,,IDN.31.14_1,Palembang,,,Kota,City,1671,ID.SL.PA
IDN,Indonesia,IDN.31_1,Sumatera Selatan,,IDN.31.15_1,Prabumulih,,,Kota,City,1672,ID.SL.PR
IDN,Indonesia,IDN.32_1,Sumatera Utara,,IDN.32.1_1,Asahan,,,Kabupaten,Regency,1208,ID.SU.AN
IDN,Indonesia,IDN.32_1,Sumatera Utara,,IDN.32.2_1,Batu Bara,,,Kabupaten,Regency,1219,ID.SU.BB
IDN,Indonesia,IDN.32_1,Sumatera Utara,,IDN.32.3_1,Dairi,,,Kabupaten,Regency,1210,ID.SU.DA
IDN,Indonesia,IDN.32_1,Sumatera Utara,,IDN.32.4_1,Deli Serdang,,,Kabupaten,Regency,1212,ID.SU.DS
IDN,Indonesia,IDN.32_1,Sumatera Utara,,IDN.32.5_1,Gunungsitoli,,,Kota,City,1278,ID.SU.GS
IDN,Indonesia,IDN.32_1,Sumatera Utara,,IDN.32.6_1,Humbang Hasundutan,,,Kabupaten,Regency,1215,ID.SU.HH
IDN,Indonesia,IDN.32_1,Sumatera Utara,,IDN.32.7_1,Karo,,,Kabupaten,Regency,1211,ID.SU.KA
IDN,Indonesia,IDN.32_1,Sumatera Utara,,IDN.32.8_1,Kota Binjai,,,Kota,City,1276,ID.SU.BI
IDN,Indonesia,IDN.32_1,Sumatera Utara,,IDN.32.9_1,Kota Medan,,,Kota,City,1275,ID.SU.ME
IDN,Indonesia,IDN.32_1,Sumatera Utara,,IDN.32.10_1,Kota Tanjungbalai,,,Kota,City,1272,ID.SU.TB
IDN,Indonesia,IDN.32_1,Sumatera Utara,,IDN.32.13_1,Labuhanbatu,,,Kabupaten,Regency,1207,ID.SU.LH
IDN,Indonesia,IDN.32_1,Sumatera Utara,,IDN.32.11_1,Labuhanbatu Selatan,,,Kabupaten,Regency,1222,ID.SU.LS
IDN,Indonesia,IDN.32_1,Sumatera Utara,,IDN.32.12_1,Labuhanbatu Utara,,,Kabupaten,Regency,1223,ID.SU.LU
IDN,Indonesia,IDN.32_1,Sumatera Utara,,IDN.32.14_1,Lake Toba,,,Water Body,Water Body,,
IDN,Indonesia,IDN.32_1,Sumatera Utara,,IDN.32.15_1,Langkat,,,Kabupaten,Regency,1213,ID.SU.LA
IDN,Indonesia,IDN.32_1,Sumatera Utara,,IDN.32.16_1,Mandailing Natal,,,Kabupaten,Regency,1202,ID.SU.MN
IDN,Indonesia,IDN.32_1,Sumatera Utara,,IDN.32.20_1,Nias,,,Kabupaten,Regency,1201,ID.SU.NA
IDN,Indonesia,IDN.32_1,Sumatera Utara,,IDN.32.17_1,Nias Barat,,,Kabupaten,Regency,1225,ID.SU.NB
IDN,Indonesia,IDN.32_1,Sumatera Utara,,IDN.32.18_1,Nias Selatan,,,Kabupaten,Regency,1214,ID.SU.NS
IDN,Indonesia,IDN.32_1,Sumatera Utara,,IDN.32.19_1,Nias Utara,,,Kabupaten,Regency,1224,ID.SU.NU
IDN,Indonesia,IDN.32_1,Sumatera Utara,,IDN.32.22_1,Padang Lawas,,,Kabupaten,Regency,1221,ID.SU.PL
IDN,Indonesia,IDN.32_1,Sumatera Utara,,IDN.32.21_1,Padang Lawas Utara,,,Kabupaten,Regency,1220,ID.SU.PU
IDN,Indonesia,IDN.32_1,Sumatera Utara,,IDN.32.23_1,Padangsidimpuan,,,Kota,City,1277,ID.SU.PD
IDN,Indonesia,IDN.32_1,Sumatera Utara,,IDN.32.24_1,Pakpak Barat,,,Kabupaten,Regency,1216,ID.SU.PB
IDN,Indonesia,IDN.32_1,Sumatera Utara,,IDN.32.25_1,Pematangsiantar,,,Kota,City,1273,ID.SU.PS
IDN,Indonesia,IDN.32_1,Sumatera Utara,,IDN.32.26_1,Samosir,,,Kabupaten,Regency,1217,ID.SU.SA
IDN,Indonesia,IDN.32_1,Sumatera Utara,,IDN.32.27_1,Serdang Bedagai,,,Kabupaten,Regency,1218,ID.SU.SD
IDN,Indonesia,IDN.32_1,Sumatera Utara,,IDN.32.28_1,Sibolga,,,Kota,City,1271,ID.SU.SB
IDN,Indonesia,IDN.32_1,Sumatera Utara,,IDN.32.29_1,Simalungun,,,Kabupaten,Regency,1209,ID.SU.SM
IDN,Indonesia,IDN.32_1,Sumatera Utara,,IDN.32.30_1,Tapanuli Selatan,,,Kabupaten,Regency,1203,ID.SU.TP
IDN,Indonesia,IDN.32_1,Sumatera Utara,,IDN.32.31_1,Tapanuli Tengah,,,Kabupaten,Regency,1204,ID.SU.TT
IDN,Indonesia,IDN.32_1,Sumatera Utara,,IDN.32.32_1,Tapanuli Utara,,,Kabupaten,Regency,1205,ID.SU.TU
IDN,Indonesia,IDN.32_1,Sumatera Utara,,IDN.32.33_1,Tebingtinggi,,,Kota,City,1274,ID.SU.TG
IDN,Indonesia,IDN.32_1,Sumatera Utara,,IDN.32.34_1,Toba Samosir,,,Kabupaten,Regency,1206,ID.SU.TR
IDN,Indonesia,IDN.33_1,Yogyakarta,,IDN.33.1_1,Bantul,,,Kabupaten,Regency,3402,ID.YO.BA
IDN,Indonesia,IDN.33_1,Yogyakarta,,IDN.33.2_1,Gunung Kidul,,,Kabupaten,Regency,3403,ID.YO.GK
IDN,Indonesia,IDN.33_1,Yogyakarta,,IDN.33.3_1,Kota Yogyakarta,,,Kota,City,3471,ID.YO.YO
IDN,Indonesia,IDN.33_1,Yogyakarta,,IDN.33.4_1,Kulon Progo,,,Kabupaten,Regency,3401,ID.YO.KP
IDN,Indonesia,IDN.33_1,Yogyakarta,,IDN.33.5_1,Sleman,,,Kabupaten,Regency,3404,ID.YO.SL